temperature_anomaly,month,year
0.81,12,2016
0.93,11,2016
0.89,10,2016
0.87,9,2016
0.98,8,2016
0.83,7,2016
0.76,6,2016
0.93,5,2016
1.09,4,2016
1.3,3,2016
1.35,2,2016
1.17,1,2016
1.11,12,2015
1.04,11,2015
1.06,10,2015
0.81,9,2015
0.78,8,2015
0.71,7,2015
0.78,6,2015
0.78,5,2015
0.74,4,2015
0.9,3,2015
0.86,2,2015
0.81,1,2015
0.79,12,2014
0.67,11,2014
0.85,10,2014
0.9,9,2014
0.82,8,2014
0.57,7,2014
0.66,6,2014
0.87,5,2014
0.78,4,2014
0.77,3,2014
0.51,2,2014
0.73,1,2014
0.67,12,2013
0.81,11,2013
0.69,10,2013
0.78,9,2013
0.66,8,2013
0.59,7,2013
0.65,6,2013
0.61,5,2013
0.52,4,2013
0.66,3,2013
0.55,2,2013
0.68,1,2013
0.53,12,2012
0.75,11,2012
0.78,10,2012
0.76,9,2012
0.63,8,2012
0.57,7,2012
0.62,6,2012
0.76,5,2012
0.69,4,2012
0.58,3,2012
0.49,2,2012
0.46,1,2012
0.54,12,2011
0.56,11,2011
0.66,10,2011
0.56,9,2011
0.73,8,2011
0.73,7,2011
0.59,6,2011
0.53,5,2011
0.65,4,2011
0.64,3,2011
0.53,2,2011
0.51,1,2011
0.49,12,2010
0.79,11,2010
0.71,10,2010
0.61,9,2010
0.65,8,2010
0.62,7,2010
0.64,6,2010
0.75,5,2010
0.87,4,2010
0.92,3,2010
0.78,2,2010
0.73,1,2010
0.65,12,2009
0.77,11,2009
0.64,10,2009
0.7,9,2009
0.66,8,2009
0.72,7,2009
0.65,6,2009
0.65,5,2009
0.61,4,2009
0.53,3,2009
0.53,2,2009
0.62,1,2009
0.54,12,2008
0.66,11,2008
0.67,10,2008
0.65,9,2008
0.44,8,2008
0.6,7,2008
0.48,6,2008
0.51,5,2008
0.53,4,2008
0.73,3,2008
0.36,2,2008
0.24,1,2008
0.5,12,2007
0.57,11,2007
0.6,10,2007
0.64,9,2007
0.6,8,2007
0.62,7,2007
0.58,6,2007
0.67,5,2007
0.76,4,2007
0.7,3,2007
0.7,2,2007
0.96,1,2007
0.77,12,2006
0.72,11,2006
0.69,10,2006
0.64,9,2006
0.72,8,2006
0.54,7,2006
0.64,6,2006
0.47,5,2006
0.5,4,2006
0.63,3,2006
0.7,2,2006
0.57,1,2006
0.68,12,2005
0.76,11,2005
0.8,10,2005
0.78,9,2005
0.63,8,2005
0.66,7,2005
0.67,6,2005
0.65,5,2005
0.69,4,2005
0.69,3,2005
0.58,2,2005
0.72,1,2005
0.52,12,2004
0.72,11,2004
0.66,10,2004
0.53,9,2004
0.45,8,2004
0.26,7,2004
0.43,6,2004
0.42,5,2004
0.62,4,2004
0.64,3,2004
0.71,2,2004
0.59,1,2004
0.75,12,2003
0.55,11,2003
0.75,10,2003
0.66,9,2003
0.66,8,2003
0.55,7,2003
0.49,6,2003
0.62,5,2003
0.55,4,2003
0.57,3,2003
0.55,2,2003
0.73,1,2003
0.43,12,2002
0.59,11,2002
0.57,10,2002
0.65,9,2002
0.55,8,2002
0.62,7,2002
0.54,6,2002
0.65,5,2002
0.58,4,2002
0.91,3,2002
0.76,2,2002
0.75,1,2002
0.55,12,2001
0.7,11,2001
0.52,10,2001
0.56,9,2001
0.49,8,2001
0.61,7,2001
0.55,6,2001
0.59,5,2001
0.52,4,2001
0.58,3,2001
0.46,2,2001
0.44,1,2001
0.3,12,2000
0.34,11,2000
0.3,10,2000
0.42,9,2000
0.43,8,2000
0.42,7,2000
0.44,6,2000
0.4,5,2000
0.59,4,2000
0.6,3,2000
0.58,2,2000
0.26,1,2000
0.46,12,1999
0.42,11,1999
0.43,10,1999
0.43,9,1999
0.34,8,1999
0.41,7,1999
0.37,6,1999
0.33,5,1999
0.34,4,1999
0.34,3,1999
0.66,2,1999
0.48,1,1999
0.56,12,1998
0.5,11,1998
0.47,10,1998
0.45,9,1998
0.68,8,1998
0.71,7,1998
0.78,6,1998
0.71,5,1998
0.64,4,1998
0.63,3,1998
0.9,2,1998
0.61,1,1998
0.6,12,1997
0.66,11,1997
0.64,10,1997
0.56,9,1997
0.43,8,1997
0.35,7,1997
0.55,6,1997
0.39,5,1997
0.38,4,1997
0.52,3,1997
0.37,2,1997
0.33,1,1997
0.41,12,1996
0.42,11,1996
0.2,10,1996
0.27,9,1996
0.49,8,1996
0.37,7,1996
0.27,6,1996
0.3,5,1996
0.38,4,1996
0.34,3,1996
0.5,2,1996
0.27,1,1996
0.3,12,1995
0.45,11,1995
0.49,10,1995
0.34,9,1995
0.48,8,1995
0.49,7,1995
0.45,6,1995
0.29,5,1995
0.47,4,1995
0.45,3,1995
0.77,2,1995
0.5,1,1995
0.36,12,1994
0.46,11,1994
0.42,10,1994
0.32,9,1994
0.23,8,1994
0.32,7,1994
0.42,6,1994
0.29,5,1994
0.41,4,1994
0.26,3,1994
0.04,2,1994
0.3,1,1994
0.19,12,1993
0.07,11,1993
0.24,10,1993
0.11,9,1993
0.13,8,1993
0.28,7,1993
0.24,6,1993
0.26,5,1993
0.28,4,1993
0.36,3,1993
0.39,2,1993
0.37,1,1993
0.22,12,1992
0.04,11,1992
0.11,10,1992
0.01,9,1992
0.1,8,1992
0.13,7,1992
0.24,6,1992
0.32,5,1992
0.24,4,1992
0.47,3,1992
0.42,2,1992
0.45,1,1992
0.33,12,1991
0.31,11,1991
0.32,10,1991
0.5,9,1991
0.42,8,1991
0.51,7,1991
0.54,6,1991
0.39,5,1991
0.53,4,1991
0.36,3,1991
0.51,2,1991
0.42,1,1991
0.42,12,1990
0.46,11,1990
0.43,10,1990
0.3,9,1990
0.3,8,1990
0.44,7,1990
0.38,6,1990
0.46,5,1990
0.55,4,1990
0.76,3,1990
0.41,2,1990
0.41,1,1990
0.37,12,1989
0.21,11,1989
0.32,10,1989
0.37,9,1989
0.36,8,1989
0.34,7,1989
0.15,6,1989
0.17,5,1989
0.33,4,1989
0.36,3,1989
0.35,2,1989
0.16,1,1989
0.34,12,1988
0.13,11,1988
0.4,10,1988
0.42,9,1988
0.46,8,1988
0.35,7,1988
0.42,6,1988
0.44,5,1988
0.45,4,1988
0.49,3,1988
0.42,2,1988
0.57,1,1988
0.47,12,1987
0.25,11,1987
0.32,10,1987
0.39,9,1987
0.28,8,1987
0.46,7,1987
0.36,6,1987
0.26,5,1987
0.24,4,1987
0.17,3,1987
0.46,2,1987
0.36,1,1987
0.16,12,1986
0.11,11,1986
0.14,10,1986
0.02,9,1986
0.12,8,1986
0.13,7,1986
0.12,6,1986
0.26,5,1986
0.26,4,1986
0.29,3,1986
0.39,2,1986
0.3,1,1986
0.15,12,1985
0.09,11,1985
0.11,10,1985
0.14,9,1985
0.15,8,1985
0,7,1985
0.17,6,1985
0.17,5,1985
0.11,4,1985
0.17,3,1985
-0.06,2,1985
0.21,1,1985
-0.06,12,1984
0.04,11,1984
0.15,10,1984
0.2,9,1984
0.15,8,1984
0.16,7,1984
0.04,6,1984
0.33,5,1984
0.08,4,1984
0.29,3,1984
0.17,2,1984
0.3,1,1984
0.17,12,1983
0.3,11,1983
0.15,10,1983
0.38,9,1983
0.3,8,1983
0.15,7,1983
0.18,6,1983
0.35,5,1983
0.3,4,1983
0.42,3,1983
0.4,2,1983
0.52,1,1983
0.43,12,1982
0.14,11,1982
0.13,10,1982
0.15,9,1982
0.08,8,1982
0.13,7,1982
0.05,6,1982
0.16,5,1982
0.1,4,1982
-0.01,3,1982
0.14,2,1982
0.09,1,1982
0.4,12,1981
0.21,11,1981
0.13,10,1981
0.17,9,1981
0.35,8,1981
0.35,7,1981
0.31,6,1981
0.25,5,1981
0.32,4,1981
0.48,3,1981
0.41,2,1981
0.56,1,1981
0.21,12,1980
0.3,11,1980
0.2,10,1980
0.21,9,1980
0.24,8,1980
0.28,7,1980
0.16,6,1980
0.34,5,1980
0.32,4,1980
0.29,3,1980
0.42,2,1980
0.3,1,1980
0.47,12,1979
0.29,11,1979
0.26,10,1979
0.27,9,1979
0.14,8,1979
0.03,7,1979
0.14,6,1979
0.06,5,1979
0.13,4,1979
0.19,3,1979
-0.09,2,1979
0.14,1,1979
0.11,12,1978
0.16,11,1978
0,10,1978
0.05,9,1978
-0.18,8,1978
0.07,7,1978
-0.03,6,1978
0.07,5,1978
0.15,4,1978
0.21,3,1978
0.14,2,1978
0.08,1,1978
0.05,12,1977
0.2,11,1977
0.04,10,1977
0.02,9,1977
0.19,8,1977
0.23,7,1977
0.25,6,1977
0.3,5,1977
0.27,4,1977
0.25,3,1977
0.2,2,1977
0.18,1,1977
0.09,12,1976
-0.06,11,1976
-0.26,10,1976
-0.09,9,1976
-0.18,8,1976
-0.12,7,1976
-0.15,6,1976
-0.23,5,1976
-0.1,4,1976
-0.21,3,1976
-0.06,2,1976
0,1,1976
-0.17,12,1975
-0.16,11,1975
-0.09,10,1975
-0.03,9,1975
-0.2,8,1975
-0.03,7,1975
-0.02,6,1975
0.16,5,1975
0.06,4,1975
0.14,3,1975
0.07,2,1975
0.07,1,1975
-0.09,12,1974
-0.07,11,1974
-0.07,10,1974
-0.12,9,1974
0.12,8,1974
-0.03,7,1974
-0.05,6,1974
-0.01,5,1974
-0.1,4,1974
-0.05,3,1974
-0.28,2,1974
-0.14,1,1974
-0.06,12,1973
0.06,11,1973
0.12,10,1973
0.06,9,1973
0.02,8,1973
0.09,7,1973
0.16,6,1973
0.26,5,1973
0.25,4,1973
0.26,3,1973
0.3,2,1973
0.28,1,1973
0.18,12,1972
0.03,11,1972
0.09,10,1972
0.03,9,1972
0.18,8,1972
0.02,7,1972
0.04,6,1972
-0.03,5,1972
-0.01,4,1972
0.02,3,1972
-0.17,2,1972
-0.24,1,1972
-0.08,12,1971
-0.04,11,1971
-0.05,10,1971
-0.01,9,1971
-0.03,8,1971
-0.12,7,1971
-0.18,6,1971
-0.06,5,1971
-0.09,4,1971
-0.18,3,1971
-0.2,2,1971
-0.02,1,1971
-0.13,12,1970
0.01,11,1970
0.05,10,1970
0.11,9,1970
-0.11,8,1970
-0.04,7,1970
-0.03,6,1970
-0.05,5,1970
0.09,4,1970
0.08,3,1970
0.22,2,1970
0.09,1,1970
0.27,12,1969
0.12,11,1969
0.11,10,1969
0.1,9,1969
0.03,8,1969
-0.01,7,1969
0.05,6,1969
0.2,5,1969
0.19,4,1969
0,3,1969
-0.14,2,1969
-0.11,1,1969
-0.14,12,1968
-0.04,11,1968
0.12,10,1968
-0.18,9,1968
-0.11,8,1968
-0.11,7,1968
-0.06,6,1968
-0.1,5,1968
-0.05,4,1968
0.21,3,1968
-0.15,2,1968
-0.23,1,1968
-0.02,12,1967
-0.06,11,1967
0.06,10,1967
-0.04,9,1967
0.02,8,1967
0.01,7,1967
-0.08,6,1967
0.14,5,1967
-0.05,4,1967
0.03,3,1967
-0.2,2,1967
-0.06,1,1967
-0.06,12,1966
-0.02,11,1966
-0.15,10,1966
-0.01,9,1966
-0.1,8,1966
0.09,7,1966
0.02,6,1966
-0.1,5,1966
-0.13,4,1966
0.04,3,1966
0,2,1966
-0.16,1,1966
-0.05,12,1965
-0.06,11,1965
-0.04,10,1965
-0.15,9,1965
-0.01,8,1965
-0.12,7,1965
-0.08,6,1965
-0.14,5,1965
-0.2,4,1965
-0.11,3,1965
-0.17,2,1965
-0.09,1,1965
-0.3,12,1964
-0.21,11,1964
-0.3,10,1964
-0.28,9,1964
-0.2,8,1964
-0.07,7,1964
-0.07,6,1964
-0.25,5,1964
-0.3,4,1964
-0.22,3,1964
-0.12,2,1964
-0.06,1,1964
0,12,1963
0.15,11,1963
0.15,10,1963
0.2,9,1963
0.25,8,1963
0.08,7,1963
0.03,6,1963
-0.09,5,1963
-0.05,4,1963
-0.13,3,1963
0.19,2,1963
-0.03,1,1963
-0.01,12,1962
0.06,11,1962
-0.03,10,1962
-0.01,9,1962
-0.02,8,1962
-0.02,7,1962
0.06,6,1962
-0.06,5,1962
0.05,4,1962
0.12,3,1962
0.14,2,1962
0.08,1,1962
-0.15,12,1961
0.03,11,1961
0,10,1961
0.05,9,1961
0.02,8,1961
-0.03,7,1961
0.12,6,1961
0.13,5,1961
0.15,4,1961
0.09,3,1961
0.18,2,1961
0.07,1,1961
0.18,12,1960
-0.11,11,1960
0.07,10,1960
0.05,9,1960
-0.01,8,1960
-0.02,7,1960
0.01,6,1960
-0.08,5,1960
-0.16,4,1960
-0.36,3,1960
0.14,2,1960
-0.01,1,1960
-0.03,12,1959
-0.09,11,1959
-0.09,10,1959
-0.06,9,1959
-0.01,8,1959
0.06,7,1959
0.02,6,1959
0.06,5,1959
0.16,4,1959
0.19,3,1959
0.09,2,1959
0.06,1,1959
0.01,12,1958
0.02,11,1958
0.04,10,1958
-0.03,9,1958
-0.06,8,1958
0.06,7,1958
-0.05,6,1958
0.08,5,1958
0.01,4,1958
0.1,3,1958
0.24,2,1958
0.39,1,1958
0.16,12,1957
0.07,11,1957
0.01,10,1957
0.06,9,1957
0.14,8,1957
0.01,7,1957
0.16,6,1957
0.08,5,1957
-0.04,4,1957
-0.05,3,1957
-0.05,2,1957
-0.14,1,1957
-0.1,12,1956
-0.17,11,1956
-0.24,10,1956
-0.22,9,1956
-0.25,8,1956
-0.12,7,1956
-0.15,6,1956
-0.28,5,1956
-0.26,4,1956
-0.23,3,1956
-0.25,2,1956
-0.17,1,1956
-0.32,12,1955
-0.28,11,1955
-0.05,10,1955
-0.13,9,1955
0.04,8,1955
-0.09,7,1955
-0.08,6,1955
-0.2,5,1955
-0.23,4,1955
-0.36,3,1955
-0.21,2,1955
0.11,1,1955
-0.18,12,1954
0.08,11,1954
-0.01,10,1954
-0.07,9,1954
-0.13,8,1954
-0.16,7,1954
-0.16,6,1954
-0.2,5,1954
-0.18,4,1954
-0.12,3,1954
-0.1,2,1954
-0.28,1,1954
0.03,12,1953
-0.05,11,1953
0.05,10,1953
0.06,9,1953
0.08,8,1953
0.02,7,1953
0.08,6,1953
0.08,5,1953
0.2,4,1953
0.11,3,1953
0.16,2,1953
0.09,1,1953
-0.02,12,1952
-0.17,11,1952
-0.04,10,1952
0.08,9,1952
0.07,8,1952
0.05,7,1952
-0.04,6,1952
-0.05,5,1952
0.02,4,1952
-0.1,3,1952
0.12,2,1952
0.16,1,1952
0.15,12,1951
0,11,1951
0.06,10,1951
0.07,9,1951
0.05,8,1951
0,7,1951
-0.05,6,1951
-0.02,5,1951
-0.1,4,1951
-0.19,3,1951
-0.44,2,1951
-0.35,1,1951
-0.2,12,1950
-0.35,11,1950
-0.2,10,1950
-0.1,9,1950
-0.18,8,1950
-0.09,7,1950
-0.06,6,1950
-0.12,5,1950
-0.21,4,1950
-0.06,3,1950
-0.26,2,1950
-0.3,1,1950
-0.19,12,1949
-0.08,11,1949
-0.03,10,1949
-0.08,9,1949
-0.08,8,1949
-0.13,7,1949
-0.22,6,1949
-0.09,5,1949
-0.07,4,1949
-0.01,3,1949
-0.16,2,1949
0.09,1,1949
-0.23,12,1948
-0.08,11,1948
-0.07,10,1948
-0.1,9,1948
-0.1,8,1948
-0.13,7,1948
-0.05,6,1948
0.08,5,1948
-0.09,4,1948
-0.23,3,1948
-0.13,2,1948
0.05,1,1948
-0.18,12,1947
-0.01,11,1947
0.06,10,1947
-0.14,9,1947
-0.08,8,1947
-0.06,7,1947
0,6,1947
-0.06,5,1947
0.04,4,1947
0.05,3,1947
-0.08,2,1947
-0.13,1,1947
-0.29,12,1946
-0.02,11,1946
-0.06,10,1946
-0.02,9,1946
-0.08,8,1946
-0.09,7,1946
-0.17,6,1946
-0.04,5,1946
0.11,4,1946
0,3,1946
0.06,2,1946
0.15,1,1946
-0.1,12,1945
0.1,11,1945
0.22,10,1945
0.22,9,1945
0.25,8,1945
0.07,7,1945
0.02,6,1945
0.1,5,1945
0.24,4,1945
0.11,3,1945
0.02,2,1945
0.13,1,1945
0.05,12,1944
0.12,11,1944
0.27,10,1944
0.31,9,1944
0.23,8,1944
0.23,7,1944
0.22,6,1944
0.26,5,1944
0.27,4,1944
0.34,3,1944
0.31,2,1944
0.41,1,1944
0.28,12,1943
0.25,11,1943
0.3,10,1943
0.11,9,1943
0.03,8,1943
0.14,7,1943
-0.01,6,1943
0.1,5,1943
0.13,4,1943
0.01,3,1943
0.22,2,1943
-0.01,1,1943
0.12,12,1942
0.13,11,1942
0.06,10,1942
0,9,1942
-0.03,8,1942
0.02,7,1942
0.11,6,1942
0.14,5,1942
0.14,4,1942
0.13,3,1942
0.05,2,1942
0.26,1,1942
0.14,12,1941
0.12,11,1941
0.24,10,1941
0.02,9,1941
0.14,8,1941
0.15,7,1941
0.04,6,1941
0.1,5,1941
0.11,4,1941
0.06,3,1941
0.23,2,1941
0.13,1,1941
0.19,12,1940
0.13,11,1940
0.07,10,1940
0.12,9,1940
0.01,8,1940
0.1,7,1940
0.05,6,1940
0.05,5,1940
0.16,4,1940
0.12,3,1940
0.06,2,1940
-0.15,1,1940
0.4,12,1939
0.06,11,1939
-0.03,10,1939
0,9,1939
-0.05,8,1939
-0.06,7,1939
-0.08,6,1939
-0.07,5,1939
-0.12,4,1939
-0.2,3,1939
-0.12,2,1939
-0.13,1,1939
-0.26,12,1938
0.01,11,1938
0.11,10,1938
0.03,9,1938
-0.04,8,1938
-0.09,7,1938
-0.17,6,1938
-0.07,5,1938
0.05,4,1938
0.05,3,1938
-0.04,2,1938
0,1,1938
-0.12,12,1937
0.09,11,1937
0.1,10,1937
0.14,9,1937
0.03,8,1937
-0.05,7,1937
-0.08,6,1937
-0.07,5,1937
-0.17,4,1937
-0.17,3,1937
0.05,2,1937
-0.11,1,1937
-0.04,12,1936
-0.05,11,1936
-0.04,10,1936
-0.06,9,1936
-0.12,8,1936
-0.06,7,1936
-0.19,6,1936
-0.17,5,1936
-0.2,4,1936
-0.23,3,1936
-0.39,2,1936
-0.29,1,1936
-0.22,12,1935
-0.29,11,1935
-0.08,10,1935
-0.17,9,1935
-0.17,8,1935
-0.19,7,1935
-0.23,6,1935
-0.26,5,1935
-0.35,4,1935
-0.13,3,1935
0.11,2,1935
-0.37,1,1935
-0.09,12,1934
-0.01,11,1934
-0.11,10,1934
-0.16,9,1934
-0.1,8,1934
-0.11,7,1934
-0.14,6,1934
-0.11,5,1934
-0.27,4,1934
-0.31,3,1934
-0.04,2,1934
-0.27,1,1934
-0.47,12,1933
-0.31,11,1933
-0.24,10,1933
-0.26,9,1933
-0.23,8,1933
-0.2,7,1933
-0.32,6,1933
-0.25,5,1933
-0.23,4,1933
-0.29,3,1933
-0.32,2,1933
-0.34,1,1933
-0.22,12,1932
-0.26,11,1932
-0.1,10,1932
-0.11,9,1932
-0.24,8,1932
-0.24,7,1932
-0.3,6,1932
-0.22,5,1932
-0.07,4,1932
-0.2,3,1932
-0.18,2,1932
0.13,1,1932
-0.1,12,1931
-0.12,11,1931
0,10,1931
-0.06,9,1931
0,8,1931
0.01,7,1931
-0.06,6,1931
-0.22,5,1931
-0.21,4,1931
-0.06,3,1931
-0.22,2,1931
-0.1,1,1931
-0.09,12,1930
0.14,11,1930
-0.08,10,1930
-0.11,9,1930
-0.11,8,1930
-0.17,7,1930
-0.19,6,1930
-0.25,5,1930
-0.26,4,1930
-0.08,3,1930
-0.24,2,1930
-0.29,1,1930
-0.55,12,1929
-0.14,11,1929
-0.15,10,1929
-0.23,9,1929
-0.29,8,1929
-0.33,7,1929
-0.43,6,1929
-0.39,5,1929
-0.4,4,1929
-0.34,3,1929
-0.61,2,1929
-0.47,1,1929
-0.2,12,1928
-0.09,11,1928
-0.19,10,1928
-0.2,9,1928
-0.25,8,1928
-0.21,7,1928
-0.41,6,1928
-0.3,5,1928
-0.29,4,1928
-0.28,3,1928
-0.12,2,1928
-0.04,1,1928
-0.36,12,1927
-0.04,11,1927
-0.01,10,1927
-0.06,9,1927
-0.19,8,1927
-0.15,7,1927
-0.27,6,1927
-0.25,5,1927
-0.31,4,1927
-0.39,3,1927
-0.21,2,1927
-0.28,1,1927
-0.3,12,1926
-0.06,11,1926
-0.11,10,1926
-0.11,9,1926
-0.11,8,1926
-0.21,7,1926
-0.25,6,1926
-0.25,5,1926
-0.15,4,1926
0.12,3,1926
0.07,2,1926
0.2,1,1926
0.11,12,1925
0.03,11,1925
-0.17,10,1925
-0.13,9,1925
-0.19,8,1925
-0.3,7,1925
-0.34,6,1925
-0.3,5,1925
-0.25,4,1925
-0.24,3,1925
-0.35,2,1925
-0.34,1,1925
-0.43,12,1924
-0.23,11,1924
-0.36,10,1924
-0.3,9,1924
-0.35,8,1924
-0.27,7,1924
-0.28,6,1924
-0.19,5,1924
-0.35,4,1924
-0.12,3,1924
-0.27,2,1924
-0.24,1,1924
-0.06,12,1923
0.03,11,1923
-0.13,10,1923
-0.28,9,1923
-0.3,8,1923
-0.29,7,1923
-0.24,6,1923
-0.33,5,1923
-0.38,4,1923
-0.32,3,1923
-0.37,2,1923
-0.27,1,1923
-0.17,12,1922
-0.17,11,1922
-0.33,10,1922
-0.29,9,1922
-0.31,8,1922
-0.27,7,1922
-0.32,6,1922
-0.34,5,1922
-0.22,4,1922
-0.13,3,1922
-0.44,2,1922
-0.34,1,1922
-0.18,12,1921
-0.16,11,1921
-0.06,10,1921
-0.16,9,1921
-0.24,8,1921
-0.16,7,1921
-0.31,6,1921
-0.36,5,1921
-0.36,4,1921
-0.28,3,1921
-0.21,2,1921
-0.04,1,1921
-0.47,12,1920
-0.33,11,1920
-0.29,10,1920
-0.2,9,1920
-0.29,8,1920
-0.32,7,1920
-0.33,6,1920
-0.26,5,1920
-0.26,4,1920
-0.08,3,1920
-0.22,2,1920
-0.15,1,1920
-0.35,12,1919
-0.29,11,1919
-0.16,10,1919
-0.17,9,1919
-0.19,8,1919
-0.21,7,1919
-0.28,6,1919
-0.2,5,1919
-0.17,4,1919
-0.25,3,1919
-0.19,2,1919
-0.21,1,1919
-0.3,12,1918
-0.16,11,1918
-0.03,10,1918
-0.14,9,1918
-0.26,8,1918
-0.22,7,1918
-0.28,6,1918
-0.37,5,1918
-0.4,4,1918
-0.21,3,1918
-0.33,2,1918
-0.44,1,1918
-0.71,12,1917
-0.29,11,1917
-0.35,10,1917
-0.18,9,1917
-0.26,8,1917
-0.23,7,1917
-0.4,6,1917
-0.48,5,1917
-0.38,4,1917
-0.47,3,1917
-0.53,2,1917
-0.46,1,1917
-0.78,12,1916
-0.42,11,1916
-0.28,10,1916
-0.29,9,1916
-0.27,8,1916
-0.34,7,1916
-0.44,6,1916
-0.27,5,1916
-0.25,4,1916
-0.31,3,1916
-0.23,2,1916
-0.2,1,1916
-0.25,12,1915
-0.12,11,1915
-0.22,10,1915
-0.12,9,1915
-0.15,8,1915
-0.03,7,1915
-0.16,6,1915
-0.01,5,1915
0.07,4,1915
-0.08,3,1915
-0.01,2,1915
-0.2,1,1915
-0.1,12,1914
-0.2,11,1914
-0.05,10,1914
-0.13,9,1914
-0.15,8,1914
-0.24,7,1914
-0.22,6,1914
-0.19,5,1914
-0.28,4,1914
-0.23,3,1914
-0.13,2,1914
0.02,1,1914
-0.04,12,1913
-0.18,11,1913
-0.34,10,1913
-0.32,9,1913
-0.32,8,1913
-0.34,7,1913
-0.46,6,1913
-0.45,5,1913
-0.36,4,1913
-0.44,3,1913
-0.44,2,1913
-0.41,1,1913
-0.42,12,1912
-0.38,11,1912
-0.55,10,1912
-0.47,9,1912
-0.51,8,1912
-0.41,7,1912
-0.26,6,1912
-0.2,5,1912
-0.2,4,1912
-0.37,3,1912
-0.13,2,1912
-0.27,1,1912
-0.25,12,1911
-0.2,11,1911
-0.26,10,1911
-0.38,9,1911
-0.43,8,1911
-0.41,7,1911
-0.47,6,1911
-0.51,5,1911
-0.55,4,1911
-0.62,3,1911
-0.6,2,1911
-0.64,1,1911
-0.69,12,1910
-0.56,11,1910
-0.39,10,1910
-0.37,9,1910
-0.34,8,1910
-0.31,7,1910
-0.36,6,1910
-0.34,5,1910
-0.39,4,1910
-0.47,3,1910
-0.43,2,1910
-0.44,1,1910
-0.55,12,1909
-0.31,11,1909
-0.39,10,1909
-0.37,9,1909
-0.3,8,1909
-0.43,7,1909
-0.52,6,1909
-0.54,5,1909
-0.59,4,1909
-0.52,3,1909
-0.47,2,1909
-0.7,1,1909
-0.5,12,1908
-0.51,11,1908
-0.43,10,1908
-0.33,9,1908
-0.45,8,1908
-0.35,7,1908
-0.39,6,1908
-0.4,5,1908
-0.46,4,1908
-0.58,3,1908
-0.36,2,1908
-0.46,1,1908
-0.5,12,1907
-0.51,11,1907
-0.24,10,1907
-0.32,9,1907
-0.37,8,1907
-0.35,7,1907
-0.43,6,1907
-0.46,5,1907
-0.4,4,1907
-0.25,3,1907
-0.53,2,1907
-0.44,1,1907
-0.18,12,1906
-0.38,11,1906
-0.2,10,1906
-0.25,9,1906
-0.19,8,1906
-0.27,7,1906
-0.22,6,1906
-0.21,5,1906
-0.02,4,1906
-0.15,3,1906
-0.34,2,1906
-0.31,1,1906
-0.21,12,1905
-0.08,11,1905
-0.23,10,1905
-0.15,9,1905
-0.21,8,1905
-0.25,7,1905
-0.31,6,1905
-0.33,5,1905
-0.36,4,1905
-0.25,3,1905
-0.59,2,1905
-0.38,1,1905
-0.29,12,1904
-0.16,11,1904
-0.35,10,1904
-0.47,9,1904
-0.43,8,1904
-0.48,7,1904
-0.49,6,1904
-0.5,5,1904
-0.5,4,1904
-0.46,3,1904
-0.55,2,1904
-0.64,1,1904
-0.47,12,1903
-0.38,11,1903
-0.42,10,1903
-0.43,9,1903
-0.44,8,1903
-0.3,7,1903
-0.44,6,1903
-0.41,5,1903
-0.39,4,1903
-0.23,3,1903
-0.06,2,1903
-0.27,1,1903
-0.46,12,1902
-0.36,11,1902
-0.27,10,1902
-0.2,9,1902
-0.28,8,1902
-0.26,7,1902
-0.34,6,1902
-0.31,5,1902
-0.27,4,1902
-0.29,3,1902
-0.03,2,1902
-0.19,1,1902
-0.3,12,1901
-0.17,11,1901
-0.29,10,1901
-0.17,9,1901
-0.13,8,1901
-0.09,7,1901
-0.1,6,1901
-0.18,5,1901
-0.06,4,1901
0.05,3,1901
-0.05,2,1901
-0.3,1,1901
-0.14,12,1900
-0.13,11,1900
0.08,10,1900
0.01,9,1900
-0.04,8,1900
-0.09,7,1900
-0.15,6,1900
-0.06,5,1900
-0.14,4,1900
0.02,3,1900
-0.08,2,1900
-0.4,1,1900
-0.27,12,1899
0.12,11,1899
0,10,1899
0,9,1899
-0.04,8,1899
-0.13,7,1899
-0.26,6,1899
-0.2,5,1899
-0.21,4,1899
-0.35,3,1899
-0.39,2,1899
-0.18,1,1899
-0.22,12,1898
-0.35,11,1898
-0.32,10,1898
-0.19,9,1898
-0.22,8,1898
-0.22,7,1898
-0.2,6,1898
-0.35,5,1898
-0.33,4,1898
-0.55,3,1898
-0.34,2,1898
-0.06,1,1898
-0.26,12,1897
-0.18,11,1897
-0.1,10,1897
-0.04,9,1897
-0.03,8,1897
-0.04,7,1897
-0.12,6,1897
0,5,1897
-0.01,4,1897
-0.12,3,1897
-0.19,2,1897
-0.22,1,1897
-0.12,12,1896
-0.16,11,1896
0.04,10,1896
-0.05,9,1896
-0.09,8,1896
-0.06,7,1896
-0.13,6,1896
-0.19,5,1896
-0.33,4,1896
-0.29,3,1896
-0.15,2,1896
-0.23,1,1896
-0.12,12,1895
-0.15,11,1895
-0.11,10,1895
-0.02,9,1895
-0.16,8,1895
-0.16,7,1895
-0.25,6,1895
-0.23,5,1895
-0.23,4,1895
-0.3,3,1895
-0.42,2,1895
-0.44,1,1895
-0.22,12,1894
-0.25,11,1894
-0.17,10,1894
-0.23,9,1894
-0.29,8,1894
-0.32,7,1894
-0.43,6,1894
-0.3,5,1894
-0.41,4,1894
-0.2,3,1894
-0.31,2,1894
-0.55,1,1894
-0.38,12,1893
-0.17,11,1893
-0.16,10,1893
-0.18,9,1893
-0.24,8,1893
-0.14,7,1893
-0.24,6,1893
-0.35,5,1893
-0.32,4,1893
-0.24,3,1893
-0.51,2,1893
-0.69,1,1893
-0.29,12,1892
-0.49,11,1892
-0.17,10,1892
-0.25,9,1892
-0.2,8,1892
-0.28,7,1892
-0.2,6,1892
-0.25,5,1892
-0.35,4,1892
-0.36,3,1892
-0.15,2,1892
-0.26,1,1892
-0.03,12,1891
-0.37,11,1891
-0.24,10,1891
-0.13,9,1891
-0.21,8,1891
-0.22,7,1891
-0.22,6,1891
-0.17,5,1891
-0.25,4,1891
-0.15,3,1891
-0.49,2,1891
-0.46,1,1891
-0.3,12,1890
-0.37,11,1890
-0.23,10,1890
-0.36,9,1890
-0.36,8,1890
-0.3,7,1890
-0.27,6,1890
-0.48,5,1890
-0.38,4,1890
-0.41,3,1890
-0.48,2,1890
-0.48,1,1890
-0.31,12,1889
-0.32,11,1889
-0.22,10,1889
-0.18,9,1889
-0.18,8,1889
-0.05,7,1889
-0.12,6,1889
-0.03,5,1889
0.04,4,1889
0.04,3,1889
0.14,2,1889
-0.21,1,1889
-0.12,12,1888
0,11,1888
0.01,10,1888
-0.07,9,1888
-0.11,8,1888
-0.1,7,1888
-0.2,6,1888
-0.22,5,1888
-0.28,4,1888
-0.47,3,1888
-0.43,2,1888
-0.43,1,1888
-0.38,12,1887
-0.25,11,1887
-0.32,10,1887
-0.19,9,1887
-0.28,8,1887
-0.19,7,1887
-0.21,6,1887
-0.33,5,1887
-0.37,4,1887
-0.32,3,1887
-0.48,2,1887
-0.66,1,1887
-0.25,12,1886
-0.26,11,1886
-0.25,10,1886
-0.19,9,1886
-0.31,8,1886
-0.16,7,1886
-0.39,6,1886
-0.27,5,1886
-0.29,4,1886
-0.41,3,1886
-0.46,2,1886
-0.43,1,1886
-0.07,12,1885
-0.22,11,1885
-0.2,10,1885
-0.19,9,1885
-0.27,8,1885
-0.29,7,1885
-0.5,6,1885
-0.42,5,1885
-0.45,4,1885
-0.24,3,1885
-0.3,2,1885
-0.66,1,1885
-0.3,12,1884
-0.3,11,1884
-0.22,10,1884
-0.24,9,1884
-0.27,8,1884
-0.35,7,1884
-0.38,6,1884
-0.32,5,1884
-0.36,4,1884
-0.36,3,1884
-0.13,2,1884
-0.18,1,1884
-0.19,12,1883
-0.21,11,1883
-0.12,10,1883
-0.19,9,1883
-0.14,8,1883
-0.09,7,1883
-0.13,6,1883
-0.26,5,1883
-0.25,4,1883
-0.18,3,1883
-0.42,2,1883
-0.34,1,1883
-0.25,12,1882
-0.21,11,1882
-0.23,10,1882
-0.01,9,1882
0.03,8,1882
-0.11,7,1882
-0.25,6,1882
-0.18,5,1882
-0.2,4,1882
0.01,3,1882
0.08,2,1882
0.09,1,1882
-0.16,12,1881
-0.26,11,1881
-0.2,10,1881
-0.09,9,1881
-0.03,8,1881
-0.07,7,1881
-0.28,6,1881
-0.04,5,1881
-0.03,4,1881
0.01,3,1881
-0.14,2,1881
-0.1,1,1881
-0.22,12,1880
-0.19,11,1880
-0.16,10,1880
-0.17,9,1880
-0.08,8,1880
-0.24,7,1880
-0.29,6,1880
-0.14,5,1880
-0.27,4,1880
-0.18,3,1880
-0.21,2,1880
-0.3,1,1880
